,box_loss,object_loss,no_object_loss,class_loss,total_loss
0,0.08228492962223465,0.1976807413595742,0.03383126921708817,0.5075483946264654,1.8663911197496497
1,0.06827470905862856,0.1641495966527989,0.014459658576094585,0.45081693556942587,1.4423102084277333
2,0.06008835139589897,0.14767466165779997,0.009844843632258151,0.42381050823040417,1.2708171216258104
